[{"last_chapter_rule":"","title":"天空影视·M","author":"🐱猫","version":5,"type":"video","url":"hiker://empty##https://www.tkys.tv/vodtype/1-fypage.html","col_type":"movie_3","class_name":"","class_url":"","area_name":"","area_url":"","sort_name":"","year_name":"","sort_url":"","year_url":"","find_rule":"js:requireCache(config.Coward)\nvar d = [];\n//var 分类颜色 = '';\nvar 分类颜色 = '#1a0c45';\nvar 引擎名称 = ' search '\nvar 动态缩小 = ' Shrink '\nvar 动态扩展 = ' Extend '\n\nvar 一级定位A = '.fadeInDown&&.nav-list'\nvar 二级定位A = '.slideDown-box&&ul'\nvar 统一定位B = 'body&&a:not(:matches(首页|APP|剧情|地区|年份|语言|字母))';\n\nvar 框架类型 = 'myui-vodlist'\n\nconst page = MY_PAGE\nvar true_url = getMyVar('header.url', MY_URL.replace('hiker://empty##', ''));\ntrue_url = 一级获取链接(page)\nvar html = 获取源码(true_url)\n\n\n一级搜索引擎()\n一级打造分类()\n一级生成片单()\nsetResult(d)","searchFind":"js:requireCache(config.Coward)\nvar 框架列表 = '#searchList&&.clearfix&&li';\nvar 框架标题 = '.title&&.searchkey&&Text';\nvar 框架描述 = 'a&&Text';\nvar 框架简介 = 'a&&Text';\nvar 框架图片 = '.myui-vodlist__thumb&&data-original';\nvar 框架链接 = 'a&&href';\n搜索.A()","search_url":"https://www.tkys.tv/vodsearch/page/fypage/wd/**.html","group":"②🐱怂猫猫","detail_col_type":"text_3","detail_find_rule":"js:requireCache(config.Coward)\nvar html = 获取源码(MY_URL.replace('hiker://empty##', ''),MOBILE_UA)\n\nvar 搜索标签 = '.myui-content__detail&&.title&&Text';\nvar 线路列表 = '.nav-tabs&&ul&&li';\nvar 线路标签 = 'a&&Text';\nvar 集数列表 = 'body&&.tab-content&&.tab-pane';\nvar 集数标签 = 'ul&&li';\nvar 定位简介 = '.col-pd,0&&.data&&Text';\nvar 定位封面 = '.lazyload&&data-original';\n\nvar 标识名称 =  'Plug·';\nvar 标识链接 = setup;\neval(JSON.parse(fetch('hiker://page/lazy1', {})).rule);\n二级.A()","sdetail_col_type":"movie_1","sdetail_find_rule":"*","ua":"mobile","preRule":"initConfig({\n    Coward: 'https://gitee.com/coward-cat/js/raw/master/Coward.js',\n});","pages":"[{\"col_type\":\"movie_3\",\"name\":\"C通用匹配\",\"path\":\"lazy1\",\"rule\":\"//通用匹配\\nvar lazy = $(\\\"\\\").lazyRule(() => {\\n    var player = JSON.parse(request(input).match(/r player_.*?=(.*?)</)[1]);\\n    var jsurl = player.url;\\n    if (player.encrypt == '1') {\\n        var jsurl = unescape(jsurl);\\n    } else if (player.encrypt == '2') {\\n        var jsurl = unescape(base64Decode(jsurl));\\n    } else {\\n        jsurl\\n    };\\n    var from = player.from;\\n    if (jsurl.search(/m3u8|mp4/) > -1) {\\n        var video = jsurl\\n    } else if (jsurl.match(/youku|mgtv|ixigua|qq\\\\.com|qiyi|migu|bili|sohu|pptv|le/)) {\\n        //log(\\\"正版\\\");\\n        require('https://gitea.com/AI957/Hiker/raw/m/v/Route.js');\\n        if (/cat\\\\.wkfile/.test(jsurl)) {\\n            let url = jsurl + \\\";{Referer@https://fantuan.tv}\\\";\\n            return url\\n        } else {\\n            return aytmParse(jsurl);\\n        }\\n\\n    } else {\\n        if (jsurl.match(/renrenmi|LT/)) {\\n            var jx = 'https://jxqd.tkys.tv/dnmd.php?url=';\\n        }\\n        var play = jx + jsurl + '&next=';        showLoading(\\\"获取站点链接中,请稍后...\\\");        var video = 'x5Rule://' + play + '@' + $.toString(() => {\\n            var urls = _getUrls()\\n            for (var i in urls) {\\n                if (urls[i].match(/\\\\.mp3|\\\\.mp4|\\\\.m3u8/)) {\\n                    //fy_bridge_app.log(urls[i])\\n                    return urls[i];\\n                } else if (urls[i].match(/\\\\.flv/)) {\\n                    //fy_bridge_app.log(urls[i])\\n                    return urls[i] + ';{Referer@https://www.bilibili.com/&&User-Agent@Mozilla/5.0}';\\n                }\\n            }\\n        })\\n\\n    }\\n    return video\\n});\"}]","icon":"https://lanmeiguojiang.com/tubiao/q/61.png"},{"last_chapter_rule":"","title":"真的不卡·M","author":"🐱猫","version":2,"type":"video","url":"hiker://empty##http://www.cerrd.com/films/1_fypage.html","col_type":"movie_3","class_name":"","class_url":"","area_name":"","area_url":"","sort_name":"","year_name":"","sort_url":"","year_url":"","find_rule":"js:requireCache(config.Coward)\nvar d = [];\n//var 分类颜色 = '';\nvar 分类颜色 = '#1a0c45';\nvar 引擎名称 = ' search '\nvar 动态缩小 = ' Shrink '\nvar 动态扩展 = ' Extend '\n\nvar 一级定位A = 'body&&.stui-header__menu'\nvar 统一定位B = 'body&&a:not(:contains(首页))'\nvar 二级定位A = 'body&&.nav-tabs'\n\nvar 框架类型 = 'stui-vodlist'\n\nMY_URL = MY_URL.replace('hiker://empty##', '')\nvar page = MY_PAGE\nvar true_url = getMyVar('header.url', MY_URL)\ntrue_url = true_url.replace('.html', '_' + page + '.html')\n//var true_url = 一级获取链接(page)\nvar html = 获取源码(true_url,MOBILE_UA)\n\n一级搜索引擎()\n一级打造分类()\n一级生成片单()\nsetResult(d)","searchFind":"js:requireCache(config.Coward)\nvar 框架列表 = '.stui-vodlist__media&&li';\nvar 框架标题 = 'a&&title';\nvar 框架描述 = '.pic-text&&Text';\nvar 框架简介 = '.detail--h3&&Text';\nvar 框架图片 = 'a&&data-original';\nvar 框架链接 = 'a&&href';\n搜索.A()","search_url":"http://www.cerrd.com/search.php?searchword=**;post","group":"②🐱怂猫猫","detail_col_type":"text_3","detail_find_rule":"js:requireCache(config.Coward)\nvar html = 获取源码(MY_URL.replace('hiker://empty##', ''),MOBILE_UA)\n\nvar 搜索标签 = '.stui-content__detail&&.line1&&Text';\nvar 线路列表 = 'body&&.nav-tabs&&li';\nvar 线路标签 = 'a&&Text';\nvar 集数列表 = 'body&&.stui-content__playlist';\nvar 集数标签 = 'ul&&li';\nvar 定位简介 = '.detail-sketch||.data,3||#desc&&Text';\nvar 定位封面 = '.lazyload&&data-original';\n\n\nvar lazy = `@lazyRule=.js:var url = parseDom(request(input),'iframe&&src');request(url,{headers:{'Referer':input}}).match(/http.*?m3u8/g)[0]`\n\n\nvar 标识名称 =  ' Plug-in· ';\nvar 标识链接 = setup;\n二级.A()","sdetail_col_type":"movie_1","sdetail_find_rule":"*","ua":"mobile","preRule":"initConfig({\n    Coward: 'https://gitee.com/coward-cat/js/raw/master/Coward.js',\n});","pages":"[]","icon":"https://lanmeiguojiang.com/tubiao/q/61.png"},{"last_chapter_rule":"","title":"鸭鸭奈飞·M","author":"🐱猫","version":1,"type":"video","url":"hiker://empty##https://netflix.mom/index.php/vod/show/id/2/page/fypage.html","col_type":"movie_3","class_name":"","class_url":"","area_name":"","area_url":"","sort_name":"","year_name":"","sort_url":"","year_url":"","find_rule":"js:requireCache(config.Coward)\nvar d = [];\n//var 分类颜色 = '';\nvar 分类颜色 = '#1a0c45';\nvar 引擎名称 = ' search '\nvar 动态缩小 = ' Shrink '\nvar 动态扩展 = ' Extend '\n\nvar 一级定位A = 'body&&.scroll-content'\nvar 统一定位B = 'body&&a'\nvar 二级定位A = ''\n\n\nvar 框架类型 = ''//测试\nvar 框架列表 = 'body&&.module-item';\nvar 框架标题 = '.lazyloaded&&alt';\nvar 框架描述 = '.module-item-text&&Text';\nvar 框架图片 = '.lazyloaded&&data-src';\nvar 框架链接 = 'a&&href';\n\n\nMY_URL = MY_URL.replace('hiker://empty##', '')\nvar page = MY_PAGE\nvar true_url = getMyVar('header.url', MY_URL);\ntrue_url = 一级获取链接(page)\nvar html = 获取源码(true_url)\n\n一级搜索引擎()\n一级打造分类()\n一级生成片单()\nsetResult(d)","searchFind":"js:requireCache(config.Coward)\nvar 框架列表 = 'body&&.module-list&&.module-search-item';\nvar 框架标题 = 'img&&alt';\nvar 框架描述 = '.video-info&&a&&Text';\nvar 框架简介 = '.video-info-main&&.video-info-item,2&&Text';\nvar 框架图片 = 'img&&data-src';\nvar 框架链接 = 'a,1&&href';\n搜索.A()","search_url":"https://netflix.mom/index.php/vod/search/page/fypage/wd/**.html","group":"②🐱怂猫猫","detail_col_type":"text_3","detail_find_rule":"js:requireCache(config.Coward)\nvar html = 获取源码(MY_URL.replace('hiker://empty##', ''),MOBILE_UA)\n\nvar 搜索标签 = '.page-title&&Text';\nvar 线路列表 = 'body&&.module-tab-item';\nvar 线路标签 = 'span&&Text';\nvar 集数列表 = 'body&&.scroll-box-y';\nvar 集数标签 = 'body&&a';\nvar 定位简介 = '.vod_content&&span&&Text';\nvar 定位封面 = '.lazyload&&data-src';\n\nvar 标识名称 =  'Plug-in';\nvar 标识链接 = setup;\neval(JSON.parse(fetch('hiker://page/lazy1', {})).rule);\n二级.A()","sdetail_col_type":"movie_1","sdetail_find_rule":"","ua":"mobile","preRule":"initConfig({\n    Coward: 'https://gitee.com/coward-cat/js/raw/master/Coward.js',\n});","pages":"[{\"col_type\":\"movie_3\",\"name\":\"C通用匹配\",\"path\":\"lazy1\",\"rule\":\"//通用匹配\\nvar lazy = $(\\\"\\\").lazyRule(() => {\\n    var player = JSON.parse(request(input).match(/r player_.*?=(.*?)</)[1]);\\n    var jsurl = player.url;\\n\\n    if (player.encrypt == '1') {\\n        var jsurl = unescape(jsurl);\\n    } else if (player.encrypt == '2') {\\n        var jsurl = unescape(base64Decode(jsurl));\\n    } else {\\n        jsurl\\n    };\\n    log(jsurl)\\n\\n    var from = player.from;\\n    if (jsurl.search(/m3u8|mp4/) > -1) {\\n        var video = jsurl\\n    } else if (jsurl.match(/youku|mgtv|ixigua|qq.com|qiyi|migu|sohu|pptv|le|bili/)) {\\n        eval(\\\"var json_p =\\\" + fetch(\\\"hiker://files/rules/DuanNian/MyParse.json\\\"));\\n        eval(request(json_p.settings.cj));\\n        video = aytmParse(jsurl);\\n        jsurl.indexOf(\\\"mgtv.com\\\") > -1 ? video + \\\";{User-Agent@Mozilla/5.0 (Windows NT 10.0)}\\\" : video\\n    } else {\\n        if (jsurl.match(/renrenmi|LT/)) {\\n            var jx = 'https://jx5.mgtv.co/m3u8.php?url=';\\n        } else if (jsurl.match(/netflixmom/)) {\\n            var jx = 'https://player.kongbuya.com/m3u8.php?url=';\\n\\n        }\\n        var play = jx + jsurl + '&next=';\\n        showLoading(\\\"获取站点链接中,请稍后...\\\");\\n        var video = 'x5Rule://' + play + '@' + $.toString(() => {\\n            var urls = _getUrls()\\n            for (var i in urls) {\\n                if (urls[i].match(/\\\\.mp3|\\\\.mp4|\\\\.m3u8/)) {\\n                    //fy_bridge_app.log(urls[i])\\n                    return urls[i];\\n                } else if (urls[i].match(/\\\\.flv/)) {\\n                    //fy_bridge_app.log(urls[i])\\n                    return urls[i] + ';{Referer@https://www.bilibili.com/&&User-Agent@Mozilla/5.0}';\\n                }\\n            }\\n        })\\n\\n    }\\n    return video\\n});\"}]","icon":"https://lanmeiguojiang.com/tubiao/q/61.png"},{"last_chapter_rule":"","title":"奈菲影视·M","author":"🐱猫","version":1,"type":"video","url":"hiker://empty##https://www.1985.one/vodshow/id/1/page/fypage.html","col_type":"movie_3","class_name":"","class_url":"","area_name":"","area_url":"","sort_name":"","year_name":"","sort_url":"","year_url":"","find_rule":"js:requireCache(config.Coward)\nvar d = [];\n//var 分类颜色 = '';\nvar 分类颜色 = '#1a0c45';\nvar 引擎名称 = ' search '\nvar 动态缩小 = ' Shrink '\nvar 动态扩展 = ' Extend '\n\nvar 一级定位A = 'body&&.scroll-content'\nvar 统一定位B = 'body&&a'\nvar 二级定位A = ''\n\n\nvar 框架类型 = ''//测试\nvar 框架列表 = 'body&&.module-item';\nvar 框架标题 = '.lazyloaded&&alt';\nvar 框架描述 = '.module-item-text&&Text';\nvar 框架图片 = '.lazyloaded&&data-src';\nvar 框架链接 = 'a&&href';\n\n\nMY_URL = MY_URL.replace('hiker://empty##', '')\nvar page = MY_PAGE\nvar true_url = getMyVar('header.url', MY_URL);\ntrue_url = 一级获取链接(page)\nvar html = 获取源码(true_url)\n\n一级搜索引擎()\n一级打造分类()\n一级生成片单()\nsetResult(d)","searchFind":"js:requireCache(config.Coward)\nvar 框架列表 = 'body&&.module-list&&.module-search-item';\nvar 框架标题 = 'img&&alt';\nvar 框架描述 = '.video-info&&a&&Text';\nvar 框架简介 = '.video-info-main&&.video-info-item,2&&Text';\nvar 框架图片 = 'img&&data-src';\nvar 框架链接 = 'a,1&&href';\n搜索.A()","search_url":"https://www.1985.one/vodsearch/page/fypage/wd/**.html","group":"②🐱怂猫猫","detail_col_type":"text_3","detail_find_rule":"js:requireCache(config.Coward)\nvar html = 获取源码(MY_URL.replace('hiker://empty##', ''),MOBILE_UA)\n\nvar 搜索标签 = '.page-title&&Text';\nvar 线路列表 = 'body&&.module-tab-item';\nvar 线路标签 = 'span&&Text';\nvar 集数列表 = 'body&&.scroll-box-y';\nvar 集数标签 = 'body&&a';\nvar 定位简介 = '.vod_content&&span&&Text';\nvar 定位封面 = '.lazyload&&data-src';\n\nvar 标识名称 =  'Plug-in';\nvar 标识链接 = setup;\neval(JSON.parse(fetch('hiker://page/lazy1', {})).rule);\n二级.A()","sdetail_col_type":"movie_1","sdetail_find_rule":"*","ua":"mobile","preRule":"initConfig({\n    Coward: 'https://gitee.com/coward-cat/js/raw/master/Coward.js',\n});","pages":"[{\"col_type\":\"movie_3\",\"name\":\"C通用匹配\",\"path\":\"lazy1\",\"rule\":\"var lazy = $(\\\"\\\").lazyRule(() => {\\n    var player = JSON.parse(request(input).match(/r player_.*?=(.*?)</)[1]);\\n    var from = player.from;\\n    var jsurl = player.url;\\n    if (player.encrypt == '1') {\\n        var jsurl = unescape(jsurl);\\n    } else if (player.encrypt == '2') {\\n        var jsurl = unescape(base64Decode(jsurl));\\n    } else {\\n        jsurl\\n    };\\n    log('\\\\n' + from + '\\\\n' + jsurl);\\n\\n    if (jsurl.match(/youku|mgtv|ixigua|qq\\\\.com|qiyi|migu|bili|sohu|pptv|le/)) {\\n        //log(\\\"正版\\\");\\n        require('https://gitea.com/AI957/Hiker/raw/m/v/Route.js');\\n        if (/cat\\\\.wkfile/.test(jsurl)) {\\n            let url = jsurl + \\\";{Referer@https://fantuan.tv}\\\";\\n            return url\\n        } else {\\n            return aytmParse(jsurl);\\n        }\\n        \\n        \\n    } else if (jsurl.search(/\\\\.m3u8|\\\\.mp4/) > -1) {\\n        if (jsurl.match(/ruifenglb/)) {\\n            eval(\\\"var config =\\\" + fetch(\\\"hiker://files/cache/MyParseSet.json\\\"));\\n            eval(fetch(config.cj));\\n            let playurl =\\n                ParseS.maoss(\\\"https://shangjihuoke.com/CL4K/?url=\\\" + jsurl, false, \\\"A42EAC0C2B408472\\\");\\n            return playurl\\n        } else {\\n            var video = jsurl;\\n        }\\n        \\n        \\n    } else if (jsurl.match(/fen\\\\.laodi/)) {\\n        let url = 'https://zy.laodi.xyz/bfd873b.php?url=' + jsurl;\\n        let html = pdfh(fetch(url, {}), 'body&&script,-1&&Html');\\n        let playurl = html.split(\\\"vurl='\\\")[1].split(\\\"'\\\")[0];\\n        return playurl\\n        \\n        \\n    } else if (jsurl.match(/LT|renrenmi|xfy|Naifeimi|RongXingVR/)) {\\n        eval(\\\"var config =\\\" + fetch(\\\"hiker://files/cache/MyParseSet.json\\\"));\\n        eval(fetch(config.cj));\\n        let playurl = ParseS.maoss(\\\"https://lanmeiguojiang.com/jx?url=\\\" + jsurl, false, \\\"A42EAC0C2B408472\\\");\\n        return playurl\\n        \\n        \\n    } else {\\n        eval(request('https://lanmeiguojiang.com/static/js/playerconfig.js'));\\n        var jx = MacPlayerConfig.player_list[from].parse;\\n        \\n        if (jx == '') {\\n            var jx = 'https://lanmeiguojiang.com/static/player/index.php?url=';\\n        };\\n        \\n        var play = jx + jsurl + '&next=';\\n        showLoading(\\\"正在嗅探中,请稍后...\\\");\\n        var video = 'x5Rule://' + play + '@' + $.toString(() => {\\n            var urls = _getUrls();\\n            for (var i in urls) {\\n                if (urls[i].match(/\\\\.mp3|\\\\.mp4|\\\\.m3u8/)) {\\n                    //fy_bridge_app.log(urls[i])\\n                    return urls[i];\\n                } else if (urls[i].match(/\\\\.flv/)) {\\n                    //fy_bridge_app.log(urls[i])\\n                    return urls[i] + ';{Referer@https://www.bilibili.com/&&User-Agent@Mozilla/5.0}';\\n                }\\n            }\\n        })\\n    }\\n    return video;\\n});\"}]","icon":"https://lanmeiguojiang.com/tubiao/q/61.png"},{"last_chapter_rule":"","title":"雅酷高清·M","author":"🐱猫","version":1,"type":"video","url":"hiker://empty##http://www.cnwisda.com/vodtype/1-fypage.html","col_type":"movie_3","class_name":"","class_url":"","area_name":"","area_url":"","sort_name":"","year_name":"","sort_url":"","year_url":"","find_rule":"js:requireCache(config.Coward)\nvar d = [];\n//var 分类颜色 = '';\nvar 分类颜色 = '#1a0c45';\nvar 引擎名称 = ' search '\nvar 动态缩小 = ' Shrink '\nvar 动态扩展 = ' Extend '\n\nvar 一级定位A = '#header&&.nav'\nvar 统一定位B = 'ul&&li:not(:matches(首页|求|A))'\nvar 二级定位A = '#main&&.list_center&&.inimg'\n\nvar 框架类型 = ''\nvar 框架列表 = '#sitebox&&dl';\nvar 框架标题 = 'dd&&h3&&a&&Text';\nvar 框架描述 = 'body&&span,3&&Text';\nvar 框架图片 = '.lazy&&data-original';\nvar 框架链接 = 'a&&href';\n\nMY_URL = MY_URL.replace('hiker://empty##', '')\nconst page = MY_PAGE\nvar true_url = getMyVar('header.url', MY_URL)\ntrue_url = true_url.replace('.html', '-'+page+'.html')\n//var true_url = 一级获取链接(page)\nvar html = 获取源码(true_url)\n\n一级搜索引擎()\n一级打造分类()\n一级生成片单()\nsetResult(d)","searchFind":"js:requireCache(config.Coward)\nvar 框架列表 = '#sitebox&&dl';\nvar 框架标题 = 'h3&&Text';\nvar 框架描述 = '.book_other&&span,2&&Text';\nvar 框架简介 = '.book_des&&Text';\nvar 框架图片 = '.lazy&&data-original';\nvar 框架链接 = 'a&&href';\n搜索.A()","search_url":"http://www.cnwisda.com/search.php?page=fypage&searchword=**&searchtype=","group":"②🐱怂猫猫","detail_col_type":"text_3","detail_find_rule":"js:requireCache(config.Coward)\nvar html = 获取源码(MY_URL.replace('hiker://empty##', ''),MOBILE_UA)\n\nvar 搜索标签 = '.d_title&&h1&&Text';\nvar 线路列表 = 'body&&.newrap_c';\nvar 线路标签 = 'h2&&Text';\nvar 集数列表 = 'body&&.chaw_c';\nvar 集数标签 = 'ul&&li';\nvar 定位简介 = '#bookintro&&Text';\nvar 定位封面 = '#bookimg&&img&&src';\n\nvar lazy=`@lazyRule=.wupanzhi&&script&&Html.js:eval(input);now`\n\n\nvar 标识名称 =  'Plug-in';\nvar 标识链接 = getResCode()\n二级.A()","sdetail_col_type":"movie_1","sdetail_find_rule":"*","ua":"mobile","preRule":"initConfig({\n    Coward: 'https://gitee.com/coward-cat/js/raw/master/Coward.js',\n});","pages":"[{\"col_type\":\"movie_3\",\"name\":\"lazy\",\"path\":\"lazy\",\"rule\":\"var lazy = $('').lazyRule(() => {\\n\\n    //x5rule强力嗅探\\nfunction x5rule(jiexurl, srcurl) {\\n    showLoading(\\\"网页访问检索中，请稍候...\\\");\\n    var video = 'webRule://' + jiexurl + '@' + $.toString((srcurl) => {\\n        //fba.log(fba.getUrls());\\n        var urls = _getUrls();\\n        if (window.count == null || window.count == undefined) {\\n            window.count = 0\\n        }\\n        if (window.count >= 23) {\\n            return srcurl\\n        }\\n        window.count = window.count + 1;\\n        if (window.count > 1 && window.count <= 3 && window.count != null && window.count != undefined) {\\n            if (document.querySelector('body').innerText.search(/触发了防盗链|未授权|接口防盗|请到主站观看/) != -1) {\\n                if (!srcurl) {\\n                \\tfba.log('尝试跳防盗验证一');\\n                    location.href = location.href;\\n                } else {\\n                \\tfba.log('尝试跳防盗验证二');\\n                    location.href = srcurl\\n                }\\n            };\\n        } else if(window.count > 3 && window.count != null && window.count != undefined){\\n            if (urls.length < 1) {\\n                fba.hideLoading();\\n                return 'toast://检索失败，可能链接无法访问。';\\n            } else if (urls.length == 1) {\\n                fba.log('尝试直链与JSON解析');\\n                if (urls[0].match(/dycdn\\\\-tos\\\\.pstatp|\\\\.m3u8|\\\\.mp4|\\\\.flv|netease\\\\.com|video_mp4|type\\\\=m3u8|pt\\\\=m3u8/) && !urls[0].match(/\\\\.html|m3u8\\\\.tv|\\\\&next|ac\\\\=dm|\\\\=http|https\\\\:\\\\/\\\\/[\\\\d]\\\\.m3u8|\\\\?url\\\\=\\\\/m3u8/)) {\\n                    //fy_bridge_app.log(urls[0])\\n                    if (urls[0].indexOf('bilivideo') != -1) {\\n                        return urls[0] + ';{Referer@https://www.bilibili.com&&User-Agent@Mozilla/5.0}';\\n                    } else if (urls[0].indexOf('titan.mgtv.com') != -1) {\\n                        return urls[0] + '#isVideo=true#' + ';{Referer@www.mgtv.com&&User-Agent@Mozilla/5.0}';\\n                    } else {\\n                        return urls[0]\\n                    };\\n                } else if (location.href.match(/dycdn\\\\-tos\\\\.pstatp|\\\\.m3u8|\\\\.mp4|\\\\.flv|netease\\\\.com|video_mp4|type\\\\=m3u8|pt\\\\=m3u8/) && !location.href.match(/html|m3u8\\\\.tv|\\\\&next|ac\\\\=dm|\\\\=http|https\\\\:\\\\/\\\\/[\\\\d]\\\\.m3u8|\\\\?url\\\\=\\\\/m3u8/)) {\\n                    return location.href;\\n                } else {\\n                    var html = fba.fetch(location.href, {});\\n                    if (!/\\\\<meta/.test(html)&&!/\\\\<html/.test(html)) {\\n                    return JSON.parse(html).url;\\n                    }else{\\n                    return location.href}\\n                };\\n            } else {\\n                fba.log('日志检索第' + window.count + '次');\\n                for (var i in urls) {\\n                    if (urls[i].match(/dycdn\\\\-tos\\\\.pstatp|\\\\.m3u8|\\\\.mp4|\\\\.flv|netease\\\\.com|video_mp4|type\\\\=m3u8|pt\\\\=m3u8/) && !urls[i].match(/html|m3u8\\\\.tv|\\\\&next|ac\\\\=dm|\\\\=http|https\\\\:\\\\/\\\\/[\\\\d]\\\\.m3u8|\\\\?url\\\\=\\\\/m3u8/)) {\\n                        //fy_bridge_app.log(urls[i])\\n                        if (urls[i].indexOf('bilivideo') != -1) {\\n                            return urls[i] + ';{Referer@https://www.bilibili.com&&User-Agent@Mozilla/5.0}';\\n                        } else if (urls[i].indexOf('titan.mgtv.com') != -1) {\\n                            return urls[i] + '#isVideo=true#' + ';{Referer@www.mgtv.com&&User-Agent@Mozilla/5.0}';\\n                        } else if (urls[i].indexOf('juhaokan') != -1) {\\n                            return urls[i] + ';{Referer@https://www.juhaokan.cc/}';\\n                        } else if (urls[i].indexOf('ojbk') != -1) {\\n                            return urls[i] + ';{Referer@https://v.ojbkjx.com/}';\\n                        } else if (urls[i].indexOf('wkfile') != -1) {\\n                            return urls[i] + ';{Referer@https://fantuan.wkfile.com/}';\\n                        } else {\\n                            return urls[i] + '#isVideo=true#'\\n                        }\\n                    }\\n                } //end for i\\n            }\\n        }\\n    }, srcurl);\\n    return video\\n}\\n//结束x5rule强力嗅探\\n    return x5rule(input, input);\\n})\"}]","icon":"https://lanmeiguojiang.com/tubiao/q/61.png"},{"last_chapter_rule":"","title":"琪琪影院·M","author":"🐱猫","version":1,"type":"video","url":"hiker://empty##http://www.77evd.cc/vodtype/1-fypage.html","col_type":"movie_3","class_name":"","class_url":"","area_name":"","area_url":"","sort_name":"","year_name":"","sort_url":"","year_url":"","find_rule":"js:requireCache(config.Coward)\nvar d = [];\n//var 分类颜色 = '';\nvar 分类颜色 = '#1a0c45';\nvar 引擎名称 = ' search '\nvar 动态缩小 = ' Shrink '\nvar 动态扩展 = ' Extend '\n\nvar 一级定位A = 'body&&.sj-nav-down-2'\nvar 统一定位B = 'body&&a:not(:contains(首页)):not(:contains(云播系统)):not(:contains(电视直播)):not(:contains(明星专题)):not(:contains(留言))'\nvar 二级定位A = 'body&&.main&&.sy-jg'\n\nvar 框架类型 = ''\nvar 框架列表 = 'body&&.index-area&&li';\nvar 框架标题 = '.link-hover&&Text';\nvar 框架描述 = '.other&&Text';\nvar 框架图片 = '.lazy&&data-original';\nvar 框架链接 = 'a&&href';\n\n\nMY_URL = MY_URL.replace('hiker://empty##', '')\nconst page = MY_PAGE\nvar true_url = getMyVar('header.url', MY_URL)\ntrue_url = true_url.replace('.html', '-'+page+'.html')\n\n//var true_url = 一级获取链接(page)\nvar html = 获取源码(true_url,MOBILE_UA)\n\n一级搜索引擎()\n一级打造分类()\n一级生成片单()\nsetResult(d)","searchFind":"js:requireCache(config.Coward)\nvar 框架列表 = 'body&&.index-area&&li';\nvar 框架标题 = 'a&&title';\nvar 框架描述 = 'i&&Text';\nvar 框架简介 = '.actor&&Text';\nvar 框架图片 = 'img&&data-original';\nvar 框架链接 = 'a&&href';\n搜索.A()","search_url":"http://www.77evd.cc/index.php?m=vod-search-pg-fypage-wd-**.html","titleColor":"#ff673ab7","group":"②🐱怂猫猫","detail_col_type":"text_3","detail_find_rule":"js:\nrequireCache(config.Coward)\nvar html = 获取源码(MY_URL.replace('hiker://empty##', ''),MOBILE_UA)\n\nvar 线路列表 = '#stab1&&.playfrom&&ul';\nvar 线路标签 = 'li&&Text';\nvar 集数列表 = '#vlink_1';\nvar 集数标签 = 'ul&&li';\nvar 搜索标签 = 'body&&.main,0&&.title,0&&a,2&&Text';\nvar 定位简介 = '#stab2&&.tab-jq&&Text';\nvar 定位封面 = 'body&&.main&&.ct&&.ct-l&&.lazy&&data-original';\n\n\nvar 标识名称 =  'Plug-in';\nvar 标识链接 = setup;\neval(JSON.parse(fetch('hiker://page/lazy', {})).rule);\n二级.A()","sdetail_col_type":"movie_1","sdetail_find_rule":"*","ua":"mobile","preRule":"initConfig({\n    Coward: 'https://gitee.com/coward-cat/js/raw/master/Coward.js',\n});","pages":"[{\"col_type\":\"movie_3\",\"name\":\"不\",\"path\":\"lazy\",\"rule\":\"var lazy = $('').lazyRule(() => {\\n\\n    //x5rule强力嗅探\\nfunction x5rule(jiexurl, srcurl) {\\n    showLoading(\\\"站点访问检索中，请稍候...\\\");\\n    var video = 'webRule://' + jiexurl + '@' + $.toString((srcurl) => {\\n        //fba.log(fba.getUrls());\\n        var urls = _getUrls();\\n        if (window.count == null || window.count == undefined) {\\n            window.count = 0\\n        }\\n        if (window.count >= 23) {\\n            return srcurl\\n        }\\n        window.count = window.count + 1;\\n        if (window.count > 1 && window.count <= 3 && window.count != null && window.count != undefined) {\\n            if (document.querySelector('body').innerText.search(/触发了防盗链|未授权|接口防盗|请到主站观看/) != -1) {\\n                if (!srcurl) {\\n                \\tfba.log('尝试跳防盗验证一');\\n                    location.href = location.href;\\n                } else {\\n                \\tfba.log('尝试跳防盗验证二');\\n                    location.href = srcurl\\n                }\\n            };\\n        } else if(window.count > 3 && window.count != null && window.count != undefined){\\n            if (urls.length < 1) {\\n                fba.hideLoading();\\n                return 'toast://检索失败，可能链接无法访问。';\\n            } else if (urls.length == 1) {\\n                fba.log('尝试直链与JSON解析');\\n                if (urls[0].match(/dycdn\\\\-tos\\\\.pstatp|\\\\.m3u8|\\\\.mp4|\\\\.flv|netease\\\\.com|video_mp4|type\\\\=m3u8|pt\\\\=m3u8/) && !urls[0].match(/\\\\.html|m3u8\\\\.tv|\\\\&next|ac\\\\=dm|\\\\=http|https\\\\:\\\\/\\\\/[\\\\d]\\\\.m3u8|\\\\?url\\\\=\\\\/m3u8/)) {\\n                    //fy_bridge_app.log(urls[0])\\n                    if (urls[0].indexOf('bilivideo') != -1) {\\n                        return urls[0] + ';{Referer@https://www.bilibili.com&&User-Agent@Mozilla/5.0}';\\n                    } else if (urls[0].indexOf('titan.mgtv.com') != -1) {\\n                        return urls[0] + '#isVideo=true#' + ';{Referer@www.mgtv.com&&User-Agent@Mozilla/5.0}';\\n                    } else {\\n                        return urls[0]\\n                    };\\n                } else if (location.href.match(/dycdn\\\\-tos\\\\.pstatp|\\\\.m3u8|\\\\.mp4|\\\\.flv|netease\\\\.com|video_mp4|type\\\\=m3u8|pt\\\\=m3u8/) && !location.href.match(/html|m3u8\\\\.tv|\\\\&next|ac\\\\=dm|\\\\=http|https\\\\:\\\\/\\\\/[\\\\d]\\\\.m3u8|\\\\?url\\\\=\\\\/m3u8/)) {\\n                    return location.href;\\n                } else {\\n                    var html = fba.fetch(location.href, {});\\n                    if (!/\\\\<meta/.test(html)&&!/\\\\<html/.test(html)) {\\n                    return JSON.parse(html).url;\\n                    }else{\\n                    return location.href}\\n                };\\n            } else {\\n                fba.log('日志检索第' + window.count + '次');\\n                for (var i in urls) {\\n                    if (urls[i].match(/dycdn\\\\-tos\\\\.pstatp|\\\\.m3u8|\\\\.mp4|\\\\.flv|netease\\\\.com|video_mp4|type\\\\=m3u8|pt\\\\=m3u8/) && !urls[i].match(/html|m3u8\\\\.tv|\\\\&next|ac\\\\=dm|\\\\=http|https\\\\:\\\\/\\\\/[\\\\d]\\\\.m3u8|\\\\?url\\\\=\\\\/m3u8/)) {\\n                        //fy_bridge_app.log(urls[i])\\n                        if (urls[i].indexOf('bilivideo') != -1) {\\n                            return urls[i] + ';{Referer@https://www.bilibili.com&&User-Agent@Mozilla/5.0}';\\n                        } else if (urls[i].indexOf('titan.mgtv.com') != -1) {\\n                            return urls[i] + '#isVideo=true#' + ';{Referer@www.mgtv.com&&User-Agent@Mozilla/5.0}';\\n                        } else if (urls[i].indexOf('juhaokan') != -1) {\\n                            return urls[i] + ';{Referer@https://www.juhaokan.cc/}';\\n                        } else if (urls[i].indexOf('ojbk') != -1) {\\n                            return urls[i] + ';{Referer@https://v.ojbkjx.com/}';\\n                        } else if (urls[i].indexOf('wkfile') != -1) {\\n                            return urls[i] + ';{Referer@https://fantuan.wkfile.com/}';\\n                        } else {\\n                            return urls[i] + '#isVideo=true#'\\n                        }\\n                    }\\n                } //end for i\\n            }\\n        }\\n    }, srcurl);\\n    return video\\n}\\n//结束x5rule强力嗅探\\n    return x5rule(input, input);\\n})\"}]","icon":"https://lanmeiguojiang.com/tubiao/q/61.png"},{"last_chapter_rule":"","title":"臻品影视·M","author":"🐱猫","version":5,"type":"video","url":"hiker://empty##https://www.zpcxb.com/zptop/dianying/page/fypage.html","col_type":"movie_3","class_name":"","class_url":"","area_name":"","area_url":"","sort_name":"","year_name":"","sort_url":"","year_url":"","find_rule":"js:requireCache(config.Coward)\nvar d = [];\n\nvar 分类颜色 = '';\nvar 引擎名称 = ' search '\nvar 动态缩小 = ' Shrink '\nvar 动态扩展 = ' Extend '\n\nvar 一级定位A = 'body&&.dropdown:not(:has(h5))'\nvar 二级定位A = 'body&&.stui-screen__list'\nvar 统一定位B = 'body&&a:not(:matches(首页))';\n\nvar 框架类型 = 'stui-vodlist'\n\n\nconst page = MY_PAGE\nvar true_url = getMyVar('header.url', MY_URL.replace('hiker://empty##', ''));\ntrue_url = true_url.replace('zpdy','zptop').replace('.html', '/page/'+page + '.html')\n//true_url = 一级获取链接(page)\nvar html = 获取源码(true_url)\n\nlog(true_url)\n一级搜索引擎()\n一级打造分类()\n一级生成片单()\nsetResult(d)","searchFind":"js:requireCache(config.Coward)\nvar 框架列表 = '.stui-vodlist__media.col-pd&&li';\nvar 框架标题 = 'a&&title';\nvar 框架描述 = '.pic-text&&Text';\nvar 框架简介 = '.detail&&Text';\nvar 框架图片 = 'a&&data-original';\nvar 框架链接 = 'a&&href';\n搜索.A()","search_url":"https://www.zpcxb.com/sosou**/page/fypage.html","group":"②🐱怂猫猫","detail_col_type":"text_3","detail_find_rule":"js:requireCache(config.Coward)\nvar html = 获取源码(MY_URL.replace('hiker://empty##', ''),MOBILE_UA)\n\nvar 搜索标签 = '.titlea&&.text-muted&&Text';\nvar 线路列表 = 'body&&.stui-pannel:has(.stui-content__playlist)';\nvar 线路标签 = 'h3&&Text';\nvar 集数列表 = 'body&&.stui-content__playlist';\nvar 集数标签 = 'ul&&li';\nvar 定位简介 = 'p,5&&Text';\nvar 定位封面 = '.lazyload&&data-original';\n\nvar 标识名称 =  'Plug-in';\nvar 标识链接 = setup;\neval(JSON.parse(fetch('hiker://page/lazy1', {})).rule);\n二级.A()","sdetail_col_type":"movie_1","sdetail_find_rule":"*","ua":"mobile","preRule":"initConfig({\n    Coward: 'https://gitee.com/coward-cat/js/raw/master/Coward.js',\n});","pages":"[{\"col_type\":\"movie_3\",\"name\":\"C通用匹配\",\"path\":\"lazy1\",\"rule\":\"//通用匹配\\nvar lazy = $(\\\"\\\").lazyRule(() => {\\n    var player = JSON.parse(request(input).match(/r player_.*?=(.*?)</)[1]);\\n    var jsurl = player.url;\\n\\n    if (player.encrypt == '1') {\\n        var jsurl = unescape(jsurl);\\n    } else if (player.encrypt == '2') {\\n        var jsurl = unescape(base64Decode(jsurl));\\n    } else {\\n        jsurl\\n    };\\nlog(jsurl)\\n    var from = player.from;\\n    if (jsurl.search(/m3u8|mp4/) > -1) {\\n        var video = jsurl+\\\"#isVideo=true#\\\"\\n\\n\\n    } else if (jsurl.match(/youku|mgtv|ixigua|qq\\\\.com|qiyi|migu|bili|sohu|pptv|le/)) {\\n        //log(\\\"正版\\\");\\n        require('https://gitea.com/AI957/Hiker/raw/m/v/Route.js');\\n        if (/cat\\\\.wkfile/.test(jsurl)) {\\n            let url = jsurl + \\\";{Referer@https://fantuan.tv}\\\";\\n            return url\\n        } else {\\n            return aytmParse(jsurl);\\n        }\\n\\n\\n    } else {\\n        if (jsurl.match(/XMM/)) {\\n            var jx = 'https://api.xxctzy.com/wp-api/ifrty.php?isDp=1&vid=';\\n        }\\n        var play = jx + jsurl + '&next=';\\n        showLoading(\\\"正在获取站点资源,请稍后...\\\");\\n        var video = 'x5Rule://' + play + '@' + $.toString(() => {\\n            var urls = _getUrls()\\n            for (var i in urls) {\\n                if (urls[i].match(/\\\\.mp3|\\\\.mp4|\\\\.m3u8/)) {\\n                    //fy_bridge_app.log(urls[i])\\n                    return urls[i];\\n                } else if (urls[i].match(/\\\\.flv/)) {\\n                    //fy_bridge_app.log(urls[i])\\n                    return urls[i] + ';{Referer@https://www.bilibili.com/&&User-Agent@Mozilla/5.0}';\\n                }\\n            }\\n        })\\n\\n    }\\n    return video\\n});\"}]","icon":"https://lanmeiguojiang.com/tubiao/q/61.png"},{"last_chapter_rule":"","title":"蓝莓影视·M","author":"🐱猫","version":2,"type":"video","url":"hiker://empty##https://lanmeiguojiang.com/index.php/vod/type/id/23.html#fypage","col_type":"movie_3","class_name":"","class_url":"","area_name":"","area_url":"","sort_name":"","year_name":"","sort_url":"","year_url":"","find_rule":"js:requireCache(config.Coward)\nvar d = [];\n//var 分类颜色 = '';\nvar 分类颜色 = '#6a97c1';\nvar 引擎名称 = ' search '\nvar 动态缩小 = ' Shrink '\nvar 动态扩展 = ' Extend '\n\nvar 一级定位A = '.stui-header__menu&&ul'\nvar 二级定位A = '#screenbox&&ul'\nvar 统一定位B = 'body&&a:not(:matches(首页|直播|专题))';\n\nvar 框架类型 =  'stui-vodlist'\n\n\nMY_URL = MY_URL.replace('hiker://empty##', '')\nconst page = MY_PAGE\nvar true_url = getMyVar('header.url', MY_URL);\ntrue_url = true_url.replace('.html', '/page/' + page + '.html')\n//true_url = 一级获取链接(page)\nvar html = 获取源码(true_url,MOBILE_UA)\n一级搜索引擎()\n一级打造分类()\n一级生成片单()\nsetResult(d)","searchFind":"body&&.service-item;h4&&Text;a&&href;*;.service-content--h4&&Text;img&&src","search_url":"http://www.lanmeiys.com/movie/search?keyword=**","group":"②🐱怂猫猫","detail_col_type":"text_3","detail_find_rule":"js:requireCache(config.Coward)\nvar html = 获取源码(MY_URL.replace('hiker://empty##', ''),MOBILE_UA)\n\nvar 搜索标签 = '.stui-content__detail&&.title&&Text';\nvar 线路列表 = '.nav-tabs&&ul&&li';\nvar 线路标签 = 'a&&Text';\nvar 集数列表 = '.stui-vodlist__head&&.tab-content&&ul';\nvar 集数标签 = 'ul&&li';\nvar 定位简介 = '.desc&&.detail-content&&Text';\nvar 定位封面 = '.pic&&.lazyload&&data-original';\n\nvar 标识名称 =  'Plug-in';\nvar 标识链接 = setup;\neval(JSON.parse(fetch('hiker://page/lazy', {})).rule);\n二级.A()","sdetail_col_type":"movie_1","sdetail_find_rule":"*","ua":"mobile","preRule":"initConfig({\n    Coward: 'https://gitee.com/coward-cat/js/raw/master/Coward.js',\n});","pages":"[{\"col_type\":\"movie_3\",\"name\":\"C通用匹配\",\"path\":\"lazy\",\"rule\":\"var lazy = $(\\\"\\\").lazyRule(() => {\\n    var player = JSON.parse(request(input).match(/r player_.*?=(.*?)</)[1]);\\n    var from = player.from;\\n    var jsurl = player.url;\\n    if (player.encrypt == '1') {\\n        var jsurl = unescape(jsurl);\\n    } else if (player.encrypt == '2') {\\n        var jsurl = unescape(base64Decode(jsurl));\\n    } else {\\n        jsurl\\n    };\\n    log('\\\\n' + from + '\\\\n' + jsurl);\\n\\n    if (jsurl.match(/youku|mgtv|ixigua|qq\\\\.com|qiyi|migu|bili|sohu|pptv|le/)) {\\n        //log(\\\"正版\\\");\\n        require('https://gitea.com/AI957/Hiker/raw/m/v/Route.js');\\n        if (/cat\\\\.wkfile/.test(jsurl)) {\\n            let url = jsurl + \\\";{Referer@https://fantuan.tv}\\\";\\n            return url\\n        } else {\\n            return aytmParse(jsurl);\\n        }\\n        \\n        \\n    } else if (jsurl.search(/\\\\.m3u8|\\\\.mp4/) > -1) {\\n        if (jsurl.match(/ruifenglb/)) {\\n            eval(\\\"var config =\\\" + fetch(\\\"hiker://files/cache/MyParseSet.json\\\"));\\n            eval(fetch(config.cj));\\n            let playurl =\\n                ParseS.maoss(\\\"https://shangjihuoke.com/CL4K/?url=\\\" + jsurl, false, \\\"A42EAC0C2B408472\\\");\\n            return playurl\\n        } else {\\n            var video = jsurl;\\n        }\\n        \\n        \\n    } else if (jsurl.match(/fen\\\\.laodi/)) {\\n        let url = 'https://zy.laodi.xyz/bfd873b.php?url=' + jsurl;\\n        let html = pdfh(fetch(url, {}), 'body&&script,-1&&Html');\\n        let playurl = html.split(\\\"vurl='\\\")[1].split(\\\"'\\\")[0];\\n        return playurl\\n        \\n        \\n    } else if (jsurl.match(/LT|renrenmi|xfy|Naifeimi|RongXingVR/)) {\\n        eval(\\\"var config =\\\" + fetch(\\\"hiker://files/cache/MyParseSet.json\\\"));\\n        eval(fetch(config.cj));\\n        let playurl = ParseS.maoss(\\\"https://lanmeiguojiang.com/jx?url=\\\" + jsurl, false, \\\"A42EAC0C2B408472\\\");\\n        return playurl\\n        \\n        \\n    } else {\\n        eval(request('https://lanmeiguojiang.com/static/js/playerconfig.js'));\\n        var jx = MacPlayerConfig.player_list[from].parse;\\n        \\n        if (jx == '') {\\n            var jx = 'https://lanmeiguojiang.com/static/player/index.php?url=';\\n        };\\n        \\n        var play = jx + jsurl + '&next=';\\n        showLoading(\\\"正在嗅探中,请稍后...\\\");\\n        var video = 'x5Rule://' + play + '@' + $.toString(() => {\\n            var urls = _getUrls();\\n            for (var i in urls) {\\n                if (urls[i].match(/\\\\.mp3|\\\\.mp4|\\\\.m3u8/)) {\\n                    //fy_bridge_app.log(urls[i])\\n                    return urls[i];\\n                } else if (urls[i].match(/\\\\.flv/)) {\\n                    //fy_bridge_app.log(urls[i])\\n                    return urls[i] + ';{Referer@https://www.bilibili.com/&&User-Agent@Mozilla/5.0}';\\n                }\\n            }\\n        })\\n    }\\n    return video;\\n});\"},{\"col_type\":\"movie_3\",\"name\":\"C强力嗅探\",\"path\":\"x5lazy\",\"rule\":\"var lazy = $('').lazyRule(() => {\\n\\n    //x5rule强力嗅探\\nfunction x5rule(jiexurl, srcurl) {\\n    showLoading(\\\"网页访问检索中，请稍候...\\\");\\n    var video = 'webRule://' + jiexurl + '@' + $.toString((srcurl) => {\\n        //fba.log(fba.getUrls());\\n        var urls = _getUrls();\\n        if (window.count == null || window.count == undefined) {\\n            window.count = 0\\n        }\\n        if (window.count >= 23) {\\n            return srcurl\\n        }\\n        window.count = window.count + 1;\\n        if (window.count > 1 && window.count <= 3 && window.count != null && window.count != undefined) {\\n            if (document.querySelector('body').innerText.search(/触发了防盗链|未授权|接口防盗|请到主站观看/) != -1) {\\n                if (!srcurl) {\\n                \\tfba.log('尝试跳防盗验证一');\\n                    location.href = location.href;\\n                } else {\\n                \\tfba.log('尝试跳防盗验证二');\\n                    location.href = srcurl\\n                }\\n            };\\n        } else if(window.count > 3 && window.count != null && window.count != undefined){\\n            if (urls.length < 1) {\\n                fba.hideLoading();\\n                return 'toast://检索失败，可能链接无法访问。';\\n            } else if (urls.length == 1) {\\n                fba.log('尝试直链与JSON解析');\\n                if (urls[0].match(/dycdn\\\\-tos\\\\.pstatp|\\\\.m3u8|\\\\.mp4|\\\\.flv|netease\\\\.com|video_mp4|type\\\\=m3u8|pt\\\\=m3u8/) && !urls[0].match(/\\\\.html|m3u8\\\\.tv|\\\\&next|ac\\\\=dm|\\\\=http|https\\\\:\\\\/\\\\/[\\\\d]\\\\.m3u8|\\\\?url\\\\=\\\\/m3u8/)) {\\n                    //fy_bridge_app.log(urls[0])\\n                    if (urls[0].indexOf('bilivideo') != -1) {\\n                        return urls[0] + ';{Referer@https://www.bilibili.com&&User-Agent@Mozilla/5.0}';\\n                    } else if (urls[0].indexOf('titan.mgtv.com') != -1) {\\n                        return urls[0] + '#isVideo=true#' + ';{Referer@www.mgtv.com&&User-Agent@Mozilla/5.0}';\\n                    } else {\\n                        return urls[0]\\n                    };\\n                } else if (location.href.match(/dycdn\\\\-tos\\\\.pstatp|\\\\.m3u8|\\\\.mp4|\\\\.flv|netease\\\\.com|video_mp4|type\\\\=m3u8|pt\\\\=m3u8/) && !location.href.match(/html|m3u8\\\\.tv|\\\\&next|ac\\\\=dm|\\\\=http|https\\\\:\\\\/\\\\/[\\\\d]\\\\.m3u8|\\\\?url\\\\=\\\\/m3u8/)) {\\n                    return location.href;\\n                } else {\\n                    var html = fba.fetch(location.href, {});\\n                    if (!/\\\\<meta/.test(html)&&!/\\\\<html/.test(html)) {\\n                    return JSON.parse(html).url;\\n                    }else{\\n                    return location.href}\\n                };\\n            } else {\\n                fba.log('日志检索第' + window.count + '次');\\n                for (var i in urls) {\\n                    if (urls[i].match(/dycdn\\\\-tos\\\\.pstatp|\\\\.m3u8|\\\\.mp4|\\\\.flv|netease\\\\.com|video_mp4|type\\\\=m3u8|pt\\\\=m3u8/) && !urls[i].match(/html|m3u8\\\\.tv|\\\\&next|ac\\\\=dm|\\\\=http|https\\\\:\\\\/\\\\/[\\\\d]\\\\.m3u8|\\\\?url\\\\=\\\\/m3u8/)) {\\n                        //fy_bridge_app.log(urls[i])\\n                        if (urls[i].indexOf('bilivideo') != -1) {\\n                            return urls[i] + ';{Referer@https://www.bilibili.com&&User-Agent@Mozilla/5.0}';\\n                        } else if (urls[i].indexOf('titan.mgtv.com') != -1) {\\n                            return urls[i] + '#isVideo=true#' + ';{Referer@www.mgtv.com&&User-Agent@Mozilla/5.0}';\\n                        } else if (urls[i].indexOf('juhaokan') != -1) {\\n                            return urls[i] + ';{Referer@https://www.juhaokan.cc/}';\\n                        } else if (urls[i].indexOf('ojbk') != -1) {\\n                            return urls[i] + ';{Referer@https://v.ojbkjx.com/}';\\n                        } else if (urls[i].indexOf('wkfile') != -1) {\\n                            return urls[i] + ';{Referer@https://fantuan.wkfile.com/}';\\n                        } else {\\n                            return urls[i] + '#isVideo=true#'\\n                        }\\n                    }\\n                } //end for i\\n            }\\n        }\\n    }, srcurl);\\n    return video\\n}\\n//结束x5rule强力嗅探\\n    return x5rule(input, input);\\n})\"},{\"col_type\":\"movie_3\",\"name\":\"1\",\"path\":\"archives\",\"rule\":\"// 一些使用方法归档~需要用时才过来复制\\n// 四大金刚和其他分类不在同一个定位时可用拼接分类，若所有分类都能一次定位完毕，则拼接分类留空 '' 或删掉即可\\n// 这里的分类链接是 a&&href 解析出来之后的结果，有时候会不尽人意，需要再次处理一下\\n\\nconst 一级处理 = (分类链接) => {\\n    let 处理结果 = 分类链接.replace(/vodtype\\\\/(\\\\d+)/, 'vodshow/$1-----------.html')\\n    return 处理结果\\n}\\n\\nconst 二级处理 = (分类链接) => {\\n    let 处理结果 = 分类链接\\n    return 处理结果\\n}\\n\\n// 不需要处理就直接等于分类链接或者删掉整个二次处理即可\\n\\n\\n\\nconst 一级定位A = 'ul&&li[class~=hidden-xs]:gt(0):lt(5)';\\n\\nconst 二级定位 = 'ul&&li:gt(0)';\\n\\n\\n\\n\\n\\n\\ninitConfig({\\n    动态分类: 'https://gitee.com/coward-cat/js/raw/master/categories-header.js',\\n    链接处理: 'https://gitee.com/coward-cat/js/raw/master/UrlProcessor.js'\\n})\\n        //let 链接处理工具 = requireCache('https://gitee.com/reborn0/HikerRules/raw/master/plugins/UrlProcessor.js')//原版\\n        //let 链接处理工具 = $.require('hiker://page/url-processor')\\n        let 链接处理工具 = requireCache(config.链接处理)\\n      //let htmlCategories = $.require('hiker://page/categories-header')\\n let htmlCategories = requireCache(config.动态分类)\"}]","icon":"https://lanmeiguojiang.com/tubiao/q/61.png"},{"last_chapter_rule":"","title":"厂长资源·F","author":"🐱猫","version":5,"type":"video","url":"hiker://empty##https://www.czspp.com/zuixindianying#fypage","col_type":"movie_3","class_name":"","class_url":"","area_name":"","area_url":"","sort_name":"","year_name":"","sort_url":"","year_url":"","find_rule":"js:\nvar d = [];\nvar 分类颜色 = '#1a0c45';\nvar 引擎名称 = ' search '\nvar 动态缩小 = ' Shrink '\nvar 动态扩展 = ' Extend '\n\nvar 一级定位A = '.navlist&&ul'\nvar 二级定位A = ''\nvar 统一定位B = 'body&&a:not(:matches(豆瓣|首))';\n\nvar 框架类型 = '' //不知道留空就行\nvar 框架列表 = '.mrb&&ul&&li';\nvar 框架标题 = 'h3&&Text';\nvar 框架描述 = '.rating&&Text';\nvar 框架图片 = 'img&&data-original';\nvar 框架链接 = 'a&&href';\n\n\nlet 一级 = $.require('hiker://page/yiji?rule=' + MY_RULE.title)\n\nconst page = MY_PAGE\nvar true_url = getMyVar('header.url', MY_URL.replace('hiker://empty##', '').replace('#'+ page, ''));\n\nif (page > 1) {\n    true_url = true_url + '/page/' + page\n}\n\n//var true_url = 一级.获取链接(page)\nvar html = 一级.获取源码(true_url)\nlog(true_url);\n\n一级.搜索框架(page)\n一级.打造分类()\n一级.生成片单(d, html)\n\nsetResult(d)","searchFind":".bt_img&&li;h3&&Text;a&&href;.jidi||.hdinfo&&span&&Text;p,-1&&Text;img&&data-original","search_url":"https://www.czspp.com/xssearch?q=**&f=_all&p=fypage","group":"②🐱怂猫猫","detail_col_type":"text_3","detail_find_rule":"js:\nvar 线路列表 = '.xzdz&&div';\nvar 线路标签 = 'a&&Text';\nvar 集数列表 = 'body&&.paly_list_btn';\nvar 集数标签 = '.paly_list_btn&&a';\n\nvar 搜索标签 = '.moviedteail_tt&&h1&&Text';\nvar 定位简介 = '.yp_context&&p&&Text';\nvar 定位封面 = '.dyimg&&img&&src';\n\nvar 标识名称 = 'Play·';\nvar 标识链接 = MY_URL;\n\neval(JSON.parse(fetch('hiker://page/lazy', {})).rule);\neval(JSON.parse(fetch('hiker://page/erji', {})).rule);","sdetail_col_type":"movie_1","sdetail_find_rule":"*","ua":"mobile","preRule":"","pages":"[{\"col_type\":\"movie_3\",\"name\":\"B二级页面\",\"path\":\"erji\",\"rule\":\"var d = [];\\nvar html = getResCode();\\nvar arts = pdfa(html, 线路列表);\\nvar tabs = [];\\nfor (var i in arts) {\\n    tabs.push(pdfh(arts[i], 线路标签)\\n        .replace('-官方', '')\\n        .replace('备用资源', '')\\n        .replace('APP专享线路（网站不提供播放）', 'APP专享')\\n        .replace('）', ')')\\n        .replace('（', '(')\\n        .replace('视频', '')\\n        .replace('TV', '')\\n        .replace('线路', '')\\n        .replace('推荐', '')\\n        .replace('-', '')\\n        .replace(' ', '')\\n        .replace(' ', '')\\n        .replace('哔哩哔哩', 'bilibili')\\n        .replace('youku', '优酷')\\n        .replace('qiyi', '爱奇艺')\\n        .replace('qq', '腾讯')\\n        .replace('QQ', '腾讯')\\n        .replace('芒果tv', '芒果')\\n        .replace('mgtv', '芒果')\\n        .replace('pptv', 'PPTV')\\n        .replace('letv', '乐视')\\n        .replace('sohu', '搜狐')\\n        .replace('搜狐TV', '搜狐')\\n        .replace('xigua', '西瓜'))\\n}\\n\\nvar conts = parseDomForArray(html, 集数列表);\\nvar lists = [];\\nfor (var i in conts) {\\n    lists.push(parseDomForArray(conts[i], 集数标签))\\n};\\n\\nvar title = parseDomForHtml(html, 搜索标签);\\nd.push({\\n    title: \\\"视界\\\",\\n    pic_url: 'https://lanmeiguojiang.com/tubiao/q/34.png',\\n    url: 'hiker://search?s=' + title + '&group=①高清',\\n    col_type: 'icon_small_4',\\n});\\nd.push({\\n    title: '云盘汇影',\\n    pic_url: 'https://lanmeiguojiang.com/tubiao/q/79.png',\\n    url: 'hiker://search?s=' + title + '&rule=云盘汇影',\\n    col_type: 'icon_small_4',\\n});\\nd.push({\\n    title: '香情影视',\\n    pic_url: 'https://lanmeiguojiang.com/tubiao/q/68.png',\\n    url: 'hiker://search?s=' + title + '&rule=香情影视',\\n    col_type: 'icon_small_4',\\n});\\nd.push({\\n    title: '青豆',\\n    pic_url: 'https://lanmeiguojiang.com/tubiao/q/10.png',\\n    url: 'hiker://search?s=' + title + '&rule=青豆',\\n    col_type: 'icon_small_4',\\n});\\n\\n\\nfor (let i = 0; i < 10; i++) {\\n    d.push({\\n        col_type: \\\"blank_block\\\"\\n    })\\n}\\nd.push({\\n    col_type: 'line'\\n});\\nfor (let i = 0; i < 10; i++) {\\n    d.push({\\n        col_type: \\\"blank_block\\\"\\n    })\\n}\\n\\nd.push({\\n    url: parseDom(html, 定位封面),\\n    desc: '0',\\n    pic_url: parseDom(html, 定位封面),\\n    col_type: \\\"card_pic_2\\\",\\n    extra: {\\n        gradient: true\\n    }\\n});\\n\\nvar desc = parseDomForHtml(html, 定位简介).replace('[收起部分]', '').replace(/\\\\s/g, '');\\nd.push({\\n    title: '‘‘’’<b><big><font color=\\\"#1a0c45\\\">Plot·</font></big></b><small><font color=\\\"#3C3C3C\\\">\\\\n\\\\n' + desc.substr(0, 55) + '…</font></small><small><font color=\\\"#5959AB\\\">Details</font></small>',\\n    url: 'hiker://empty#' + '\\\\n\\\\t\\\\t\\\\t\\\\t\\\\t\\\\t\\\\t' + desc + `@rule=js:var res = {}; var d = [];d.push({title:'影片简介：'+ MY_URL.split('hiker://empty#')[1],col_type: 'long_text'});res.data = d; setHomeResult(res);`,\\n    desc: '0',\\n    pic_url: '',\\n    col_type: \\\"card_pic_2\\\",\\n    extra: {\\n        gradient: true\\n    }\\n});\\nfor (let i = 0; i < 10; i++) {\\n    d.push({\\n        col_type: \\\"blank_block\\\"\\n    })\\n}\\nd.push({\\n    col_type: 'line'\\n});\\nfor (let i = 0; i < 10; i++) {\\n    d.push({\\n        col_type: \\\"blank_block\\\"\\n    })\\n}\\nvar obj = {\\n    \\\"腾讯\\\": \\\"https://lanmeiguojiang.com/tubiao/movie/131.svg\\\",\\n    \\\"优酷\\\": \\\"https://lanmeiguojiang.com/tubiao/movie/128.svg\\\",\\n    \\\"奇艺\\\": \\\"https://lanmeiguojiang.com/tubiao/movie/130.svg\\\",\\n    \\\"爱奇艺\\\": \\\"https://lanmeiguojiang.com/tubiao/movie/130.svg\\\",\\n    \\\"芒果\\\": \\\"https://lanmeiguojiang.com/tubiao/movie/32.svg\\\",\\n    \\\"咪咕\\\": \\\"https://lanmeiguojiang.com/tubiao/movie/134.svg\\\",\\n    \\\"西瓜\\\": \\\"https://lanmeiguojiang.com/tubiao/movie/135.svg\\\",\\n    \\\"搜狐\\\": \\\"https://lanmeiguojiang.com/tubiao/movie/129.svg\\\",\\n    \\\"乐视\\\": \\\"https://lanmeiguojiang.com/tubiao/movie/58.svg\\\",\\n    \\\"风行\\\": \\\"https://lanmeiguojiang.com/tubiao/movie/136.svg\\\",\\n    \\\"PPTV\\\": \\\"https://lanmeiguojiang.com/tubiao/movie/133.svg\\\",\\n    \\\"1905\\\": \\\"https://lanmeiguojiang.com/tubiao/movie/132.svg\\\",\\n    \\\"bilibili\\\": \\\"https://lanmeiguojiang.com/tubiao/movie/20.svg\\\",\\n    \\\"专线\\\": \\\"https://lanmeiguojiang.com/tubiao/movie/141.svg\\\",\\n    \\\"专线2\\\": \\\"https://lanmeiguojiang.com/tubiao/movie/142.svg\\\",\\n};\\n\\n\\n/*\\nrequire('https://gitea.com/AI957/Hiker/raw/m/v/Route.js');\\nvar setup = setupPages(\\\"设置\\\");\\n*/\\nd.push({\\n    title: '‘‘’’<b><big><font color=\\\"#5959AB\\\">'+标识名称+'</font></big></b>',\\n    url: 标识链接,\\n    col_type: 'scroll_button'\\n});\\n\\nvar Color2 = \\\"#1a0c45\\\";\\n\\nfunction getHead(title) {\\n    return '‘‘’’<strong><font color=\\\"' + Color2 + '\\\">' + title + '</front></strong>';\\n}\\n\\n\\nfunction 所有线路(tabs, taburl) {\\n    for (var i in tabs) {\\n        var tabname = tabs[i];\\n        d.push({\\n            //title: tabname,\\n            //img: obj[tabname] || \\\"https://lanmeiguojiang.com/tubiao/movie/137.svg\\\",\\n            //col_type: 'icon_small_3',\\n            title: getMyVar(taburl, '0') == i ? getHead(tabname) : tabname,\\n            col_type: 'scroll_button',\\n            url: $(\\\"#noLoading#\\\").lazyRule((tabname, taburl, i) => {\\n                putMyVar('当前线路名', tabname);\\n                putMyVar(taburl, i)\\n                refreshPage(false);\\n                return 'hiker://empty'\\n            }, tabname, taburl, i)\\n        })\\n    }\\n\\n    d.push({\\n        col_type: 'line_blank'\\n    });\\n}\\n\\nfunction 空() {\\n    for (let i = 0; i < 80; i++) {\\n        d.push({\\n            col_type: \\\"blank_block\\\"\\n        })\\n    }\\n    d.push({\\n        title: \\\"““”” <small><font color='grey'>\\\" + \\\"皆空\\\" + \\\"</font></small>\\\",\\n        col_type: \\\"text_center_1\\\",\\n        url: 'hiker://empty',\\n        extra: {\\n            lineVisible: false\\n        }\\n    })\\n}\\n\\nfunction 选集列表(lists, index) {\\n    //清除变量\\n    addListener('onClose', $.toString(() => {\\n        clearMyVar('当前线路名');\\n        clearMyVar('分集起');\\n        clearMyVar('分集终');\\n    }))\\n    var list = lists[index];\\n    // 将反序归正\\n    try {\\n        if (pdfh(list[0], \\\"a&&Text\\\").match(/(\\\\d+)/)[0] > pdfh(list.slice(-1)[0], \\\"a&&Text\\\").match(/(\\\\d+)/)[0]) list.reverse()\\n    } catch (e) {}\\n    try {\\n        // 线路数大于1，或者集数大于20时，显示正反切换按钮\\n        // if (tabs.length > 1 || list.length > 20) {\\n        if (tabs.length > 0) {\\n            var icon_s = 'http://82.156.222.77/weisyr/icon/';\\n            if (getMyVar('选集排序') == '正序') {\\n                var avatar = icon_s + '正序.svg'\\n            } else {\\n                var avatar = icon_s + '反序.svg'\\n            }\\n\\n            d.push({\\n                // title: \\\"<b><font color='#EB9941'>\\\" + tabs[index] + \\\"</font></b>\\\" + \\\"<small><font color='grey'>\\\" + '\\\\t\\\\t-- 共 ' + list.length + ' 集' +\\n                //     \\\"</font></small>\\\",\\n                title: \\\"<b><font color='#5959AB'>\\\" + tabs[index] + \\\"</font></b>\\\" + \\\"<small><font color='grey'>\\\" + '\\\\t\\\\t〰️\\\\t\\\\t' + \\\"</font></small>\\\" + \\\"<font color='#5959AB'>\\\" + list.length + '集' + \\\"</font>\\\",\\n                img: obj[tabs[index]]|| \\\"https://lanmeiguojiang.com/tubiao/ke/58.png\\\",\\n                url: `@lazyRule=.js:if(getMyVar('选集排序')=='正序'){putMyVar('选集排序', '反序');}else{putMyVar('选集排序', '正序')};refreshPage(false);hideLoading();'hiker://empty'`,\\n                col_type: 'avatar'\\n            })\\n\\n            d.push({\\n                col_type: 'line'\\n            });\\n            for (let i = 0; i < 10; i++) {\\n                d.push({\\n                    col_type: \\\"blank_block\\\"\\n                })\\n            }\\n        }\\n    } catch (e) {\\n        空()\\n    }\\n\\n\\n    function 选集() {\\n        var jm = pdfh(list[i], 'a&&Text').replace(/第|集|话|期/g, '').replace(/预告/g, '📢');\\n        var url = parseDom(list[i], 'a&&href');\\n        if (list.length < 5) {\\n            var col = 'text_2'\\n        } else {\\n            var col = jm.length > 5 ? 'text_2' : 'text_4'\\n        }\\n        d.push({\\n            title: jm,\\n            url: url + lazy,\\n            col_type: col,\\n            extra: {\\n                id: url,\\n                blockRules: ['.css', '.gif', '.jpg', '.jpeg', '.png', '.ico', '.svg', 'cnzz', 'google', 'xn--*:*', 'hm.baidu.com', '/ads/*.js', '.m3u8', '.mp4']\\n            }\\n        });\\n    }\\n    try {\\n        // 开始页码分区 选集＞设定集数10个以上才启用选集分页\\n        var 选集数组 = list;\\n        if (选集数组.length > (page_number + 10)) {\\n            //所有集数除以每页集数，有余进整\\n            var total = Math.ceil(选集数组.length / page_number);\\n            var catalogue = []\\n            for (let i = 0; i < total; i++) {\\n                catalogue += i * page_number + ',';\\n                catalogue = catalogue.split(',');\\n            }\\n\\n            for (let i = 0; i < 8; i++) {\\n                d.push({\\n                    col_type: \\\"blank_block\\\"\\n                })\\n            }\\n            //输出分页按钮\\n            var 按钮 = [];\\n            for (var i = 0; i < catalogue.length - 1; i++) {\\n                var total1 = parseInt(catalogue[i]) + 1;\\n                var total2 = parseInt(catalogue[i + 1]);\\n                if (i == (catalogue.length - 2)) var total2 = 选集数组.length;\\n\\n                d.push({\\n                    title: star == total1 ? '‘‘' + total1 + '-' + total2 + '’’' : total1 + '-' + total2,\\n                    url: $(\\\"#noLoading#\\\").lazyRule((total1, total2) => {\\n                        putMyVar('分集起', total1);\\n                        putMyVar('分集终', total2);\\n                        refreshPage(false);\\n                        return 'hiker://empty'\\n                    }, total1, total2),\\n                    col_type: 'scroll_button'\\n                });\\n                按钮.push(total1 + '-' + total2)\\n            }\\n            if (getMyVar('选集排序') == '正序') {\\n                for (var i = end - 1; i >= star - 1; i--) {\\n                    选集()\\n                }\\n            } else {\\n                for (var i = star - 1; i < end; i++) {\\n                    选集()\\n                }\\n            }\\n            //底部页码                 \\n            d.push({\\n                col_type: \\\"line\\\"\\n            })\\n\\n            var yema = Math.ceil(end / page_number);\\n            d.push({\\n                title: \\\"““”” <small><small><font color='grey'>\\\" + yema + ' / ' + total + \\\"</font> </small></small>\\\",\\n                col_type: \\\"text_center_1\\\",\\n                url: $(\\\"#noLoading#\\\").lazyRule((按钮) => $(按钮, 3).select(_ => {\\n                    putMyVar('分集起', input.split('-')[0]);\\n                    putMyVar('分集终', input.split('-')[1]);\\n                    refreshPage(false);\\n                    return \\\"toast://载入 \\\" + input + ' 页面 .';\\n                }), 按钮),\\n                extra: {\\n                    lineVisible: false\\n                }\\n            })\\n\\n            //底部操作按钮\\n            if (底部换页 == '开启') {\\n                d.push({\\n                    title: '首页',\\n                    url: $(\\\"#noLoading#\\\").lazyRule((page_number) => {\\n                        putMyVar('分集起', '1');\\n                        putMyVar('分集终', page_number);\\n                        refreshPage(false);\\n                        return 'hiker://empty'\\n                    }, page_number),\\n                    col_type: 'text_4'\\n                });\\n                d.push({\\n                    title: '上一页',\\n                    url: $(\\\"#noLoading#\\\").lazyRule((star, end, page_number, total, 选集数组) => {\\n                        var s = parseInt(star) - page_number;\\n                        var e = parseInt(end) - page_number;\\n                        if (end = 选集数组.length) var e = s + page_number - 1;\\n                        if (s < 1) {\\n                            var s = 1;\\n                            var e = page_number;\\n                        }\\n                        if (s > 0) {\\n                            putMyVar('分集起', s);\\n                            putMyVar('分集终', e);\\n                            refreshPage(false);\\n                        }\\n                        return 'hiker://empty'\\n                    }, star, end, page_number, total, 选集数组),\\n                    col_type: 'text_4'\\n                });\\n                d.push({\\n                    title: '下一页',\\n                    url: $(\\\"#noLoading#\\\").lazyRule((star, end, page_number, total, 选集数组) => {\\n                        var s = parseInt(star) + page_number;\\n                        var e = parseInt(end) + page_number;\\n                        if (e > 选集数组.length) {\\n                            var s = (total - 1) * page_number + 1;\\n                            var e = 选集数组.length;\\n                        }\\n                        putMyVar('分集起', s);\\n                        putMyVar('分集终', e);\\n                        refreshPage(false);\\n                        return 'hiker://empty'\\n                    }, star, end, page_number, total, 选集数组),\\n                    col_type: 'text_4'\\n                });\\n                d.push({\\n                    title: '尾页',\\n                    url: $(\\\"#noLoading#\\\").lazyRule((page_number, total, 选集数组) => {\\n                        var s = (total - 1) * page_number + 1;\\n                        putMyVar('分集起', s);\\n                        putMyVar('分集终', 选集数组.length);\\n                        refreshPage(false);\\n                        return 'hiker://empty'\\n                    }, page_number, total, 选集数组),\\n                    col_type: 'text_4'\\n                });\\n            }\\n        } // 结束选集分页\\n        else {\\n            if (getMyVar('选集排序') == '正序') {\\n                for (var i = list.length - 1; i >= 0; i--) {\\n                    选集()\\n                }\\n            } else {\\n                for (var i = 0; i < list.length; i++) {\\n                    选集()\\n                }\\n            }\\n        }\\n    } catch (e) {\\n        空()\\n    }\\n    // 底部留空\\n    d.push({\\n        title: '\\\\n',\\n        url: 'hiker://empty',\\n        col_type: 'rich_text'\\n    });\\n} //结束选集列表\\n\\n//🤡分页开关设置\\nvar page_number = 50;\\nlet 底部换页 = '开启'; //底部控制按钮\\ntry {\\n    //至少两条线路，或者启用分页才被记录\\n    if (tabs.length > 1 || lists[0].length > (page_number + 10)) {\\n        function 记录足迹(线路, 页面) {\\n            var history = JSON.parse(request('hiker://files//cache/顺_记录线路和页码.json') || '[]');\\n            var t = history.findIndex(item => item.小程序 == MY_RULE.title);\\n            if (t == -1) {\\n                t = history.length;\\n                history.push({\\n                    小程序: MY_RULE.title,\\n                    足迹: []\\n                })\\n            }\\n            var y = history[t].足迹.findIndex(item => item.url == MY_URL);\\n            if (y == -1) {\\n                history[t].足迹.push({\\n                    url: MY_URL,\\n                    tab: 线路,\\n                    index: 页面\\n                });\\n            } else {\\n                history[t].足迹[y].tab = 线路;\\n                history[t].足迹[y].index = 页面;\\n            }\\n            if (history[t].足迹.length >= 999) {\\n                history[t].足迹.splice(0, 1);\\n            }\\n            writeFile(\\\"hiker://files//cache/顺_记录线路和页码.json\\\", JSON.stringify(history, null, 2));\\n        }\\n        //读写足迹\\n        var historyA = JSON.parse(fetch('hiker://files//cache/顺_记录线路和页码.json') || '[]');\\n        var historyIT = historyA.find(item => item.小程序 == MY_RULE.title);\\n        if (historyIT) { //判断当前小程序\\n            historyIT = historyIT.足迹.find(it => it.url == MY_URL);\\n            if (historyIT) { //判断当前片子记录\\n                var itemA = historyIT.tab;\\n                var itemP = historyIT.index;\\n                if (getMyVar('分集起') == \\\"\\\") {\\n                    var star = itemP.split('-')[0];\\n                    var end = itemP.split('-')[1];\\n                    if (itemP == 'undefined-undefined' || itemP == '-') {\\n                        star = '1';\\n                        end = page_number;\\n                    }\\n                }\\n                if (getMyVar('当前线路名') == \\\"\\\") {\\n                    var 选中线路 = itemA || '0';\\n                }\\n                if (getMyVar('分集起') != \\\"\\\") {\\n                    var star = getMyVar('分集起');\\n                    var end = getMyVar('分集终');\\n                    var 选中线路 = itemA || '0';\\n                    记录足迹(选中线路, star + '-' + end)\\n                }\\n                if (getMyVar('当前线路名') != \\\"\\\") {\\n                    var star = getMyVar('分集起', '1');\\n                    var end = getMyVar('分集终', JSON.stringify(page_number));\\n                    var 选中线路 = getMyVar(MY_URL);\\n                    记录足迹(选中线路, star + '-' + end)\\n                }\\n            } else { //如果片子没有记录\\n                var star = 1;\\n                var end = page_number;\\n                var 选中线路 = '0';\\n                记录足迹('0', \\\"1\\\" + '-' + page_number)\\n            }\\n        } else { //如果小程序没有记录\\n            var star = 1;\\n            var end = page_number;\\n            var 选中线路 = '0';\\n            记录足迹('0', \\\"1\\\" + '-' + page_number)\\n        }\\n    } else {\\n        var 选中线路 = '0';\\n    }\\n} catch (e) {\\n    空()\\n}\\n所有线路(tabs, MY_URL);\\n选集列表(lists, 选中线路);\\nsetResult(d);\"},{\"col_type\":\"movie_3\",\"name\":\"C通用匹配\",\"path\":\"lazy\",\"rule\":\"putVar(\\\"_x5\\\", $.toString(() => {\\n    var urls = _getUrls()\\n    for (var i in urls) {\\n        if  (urls[i].match(/\\\\.mp3|\\\\.mp4|\\\\.m3u8/)){\\n            fy_bridge_app.log(urls[i])\\n            return urls[i]\\n        }\\n    }\\n}))\\nvar lazy = \\\"@lazyRule=.js:showLoading('正在获取站点资源,请稍后...');'x5Rule://'+input+'@' + getVar('_x5')\\\";\\n\"},{\"col_type\":\"movie_3\",\"name\":\"A一级模板\",\"path\":\"yiji\",\"rule\":\"log(page)\\n\\nfunction 一级() {};\\nObject.assign(一级.prototype, {\\n    constructor: 一级,\\n    test() {},\\n    获取源码(url, header) {\\n        return fetch(true_url, {\\n            headers: header || {\\n                'User-Agent': MOBILE_UA\\n            }\\n        }) // 默认统一使用MOBILE_UA\\n    },\\n\\n\\n    搜索框架(page) {\\n        if (page == '1') {\\n            d.push({\\n                title: 引擎名称,\\n                url: \\\"'hiker://search?rule=\\\" + MY_RULE.title + \\\"&s='+input\\\",\\n                desc: \\\" \\\",\\n                col_type: \\\"input\\\"\\n            });\\n            for (var i = 0; i < 2; i++) {\\n                d.push({\\n                    col_type: \\\"big_blank_block\\\"\\n                })\\n            }\\n            d.push({\\n                col_type: 'line'\\n            });\\n            for (var i = 0; i < 3; i++) {\\n                d.push({\\n                    col_type: \\\"big_blank_block\\\"\\n                })\\n            }}\\n        },\\n    \\n\\n\\n\\n    获取链接(page, regex) {\\n        let true_url = getMyVar('header.url', MY_URL);\\n        //let 链接处理工具 = requireCache(config.链接处理工具依赖)\\n        //let 链接处理工具 = requireCache('https://gitee.com/reborn0/HikerRules/raw/master/plugins/UrlProcessor.js')\\n        //let 链接处理工具 = $.require('hiker://page/url-processor')\\n        let 链接处理工具 = requireCache('https://gitee.com/coward-cat/js/raw/master/UrlProcessor.js')\\n\\n        true_url = 链接处理工具\\n            .链接(true_url)\\n            .页码(page)\\n            .插入新处理规则(regex || [])\\n            .获取处理结果();\\n        return true_url;\\n    },\\n    打造分类(ruleList) {\\n        // 引入动态分类依赖\\n        // 框架已经稳定，使用 requireCache 更佳\\n        //  let htmlCategories = requireCache(config.动态分类依赖)\\n        //let htmlCategories = requireCache('https://gitee.com/reborn0/HikerRules/raw/master/plugins/categories-header.js')\\n        if (!ruleList) {\\n            let 分类定位 = [\\n                // 定位四大金刚\\n                {\\n                    一级分类: 一级定位A,\\n                    子分类: 统一定位B || 一级定位B,\\n                    分类链接: {\\n                        二次处理(url) {\\n                            try {\\n                                return 一级处理C(url)\\n                            } catch (e) {\\n                                return url\\n                            }\\n                        }\\n                    }\\n                }\\n            ]\\n\\n            if (二级定位A && (统一定位B || 二级定位B)) {\\n                分类定位.push(\\n                    // 定位其他大分类，如地区、年份等\\n                    {\\n                        一级分类: 二级定位A,\\n                        子分类: 统一定位B || 二级定位B,\\n                        分类链接: {\\n                            二次处理(url) {\\n                                try {\\n                                    return 二级处理C(url)\\n                                } catch (e) {\\n                                    return url\\n                                }\\n                            }\\n                        }\\n                    }\\n                )\\n            }\\n            ruleList = 分类定位;\\n        }\\n        // '0' 为默认不折叠，'1' 为默认折叠\\n        const 当前折叠状态 = getMyVar('header.fold', '1')\\n        // 引入动态分类依赖\\n        let htmlCategories = requireCache('https://gitee.com/coward-cat/js/raw/master/categories-header.js')\\n        var getRangeColors = function() {\\n            return '#' + ('00000' + (Math.random() * 0x1000000 << 0).toString(16)).substr(-6);\\n        } // 随机选中的分类颜色\\n        var colour\\n        if (分类颜色 !== '') {\\n            colour = 分类颜色\\n            //  log(colour)\\n        } else {\\n            colour = getRangeColors()\\n            //  log(colour)\\n        }\\n        htmlCategories.界面(d)\\n            //.分类链接(true_url)\\n            .源码(html)\\n            .页码(page)\\n            .添加分类定位(ruleList)\\n            .开启内置折叠功能() // 必须\\n            .折叠(当前折叠状态) // 必须\\n            .折叠按钮样式({\\n                title: 当前折叠状态 == \\\"1\\\" ? \\\"““””<big><b><font color='#5959AB'>\\\" + 动态缩小 + \\\"</font></b></big>\\\" : \\\"““””<big><b><font color='#F75D59'>\\\" + 动态扩展 + \\\"</font></b></big>\\\"\\n            }) // 可选\\n            // .第几行开始折叠(2) // 可选\\n            // .折叠按钮样式({ 折叠按钮插入行: 2 })  // 可选，但必须先调用 .第几行开始折叠(index)，然后再传入 { 折叠按钮插入行: index }\\n            .选中的分类颜色(colour)\\n            .开始打造分类();\\n    },\\n\\n    生成片单(d, html) {\\n\\n        var 列表\\n        var 标题\\n        var 描述\\n        var 图片\\n        var 链接\\n\\n        if (框架类型 === 'myui-vodlist') {\\n            列表 = '.myui-vodlist&&li';\\n            标题 = 'h4&&Text';\\n            描述 = '.pic-tag||.pic-text&&Text';\\n            图片 = '.lazyload&&data-original';\\n            链接 = 'a&&href';\\n            //log('框架类型·myui-vodlist')\\n        } else if (框架类型 === '#data_list') {\\n            列表 = '#data_list&&li';\\n            标题 = 'a&&title';\\n            描述 = 'em&&Text';\\n            图片 = 'img&&data-srcl';\\n            链接 = 'a&&href';\\n            //log('框架类型·data_list')\\n        } else if (框架类型 === 'fed-list-title') {\\n            列表 = '.fed-list-info&&li';\\n            标题 = '.fed-list-title&&Text';\\n            描述 = '.fed-text-center&&Text';\\n            图片 = 'a&&data-original';\\n            链接 = 'a&&href';\\n            //log('框架类型·.fed-list-info')\\n        } else if (框架类型 === 'item') {\\n            列表 = 'body&&.item';\\n            标题 = 'img&&alt';\\n            描述 = 'p&&Text';\\n            图片 = 'img&&srcl';\\n            链接 = 'a&&href';\\n            //log('框架类型·.item')\\n        } else if (框架类型 === 'module-items') {\\n            列表 = '.module-items&&.module-item';\\n            标题 = 'a&&title';\\n            描述 = '.module-item-text&&Text';\\n            图片 = 'img||.lazy&&data-src';\\n            链接 = 'a&&href';\\n            //log('框架类型·.module-items')\\n        } else if (框架类型 === 'pack-ykpack') {\\n            列表 = 'body&&.pack-ykpack';\\n            标题 = 'a&&title';\\n            描述 = 'span,-1&&Text';\\n            图片 = '.eclazy&&data-original';\\n            链接 = 'a&&href';\\n            //log('框架类型·.pack-ykpack')\\n        } else if (框架类型 === 'stui-vodlist') {\\n            列表 = '.stui-vodlist&&li';\\n            标题 = 'a&&title';\\n            描述 = '.pic-text&&Text';\\n            图片 = '.lazyload||a&&data-original';\\n            链接 = 'a&&href';\\n            //log('框架类型·.stui-vodlist')\\n        } else if (框架类型 === 'vodlist') {\\n            列表 = '.vodlist&&li';\\n            标题 = 'a&&title';\\n            描述 = 'a&&Text';\\n            图片 = '.lazyload&&data-original';\\n            链接 = 'a&&href';\\n            //log('框架类型·.vodlist')\\n        } else if (框架类型 === '测试') {\\n            列表 = 'body&&a';\\n            标题 = 'body&&a';\\n            描述 = 'body&&a';\\n            图片 = 'body&&a';\\n            链接 = 'body&&a';\\n            log('框架类型·测试')\\n        } else if (框架类型 === '') {\\n            列表 = 框架列表;\\n            标题 = 框架标题;\\n            描述 = 框架描述;\\n            图片 = 框架图片;\\n            链接 = 框架链接;\\n            log('框架类型·自定义类型')\\n        }\\n\\n\\n        let list = parseDomForArray(html, 列表);\\n        for (let j in list) {\\n            d.push({\\n                title: parseDomForHtml(list[j], 标题),\\n                desc: parseDomForHtml(list[j], 描述),\\n                img: parseDom(list[j], 图片) + '@Referer=',\\n                url: parseDom(list[j], 链接)\\n            });\\n        }\\n    }\\n})\\n\\n$.exports = new 一级();\\n$.exports\"},{\"col_type\":\"movie_3\",\"name\":\"A方法归档\",\"path\":\"archives\",\"rule\":\"// 需要用时才过来复制\\n\\nconst 一级处理C = (分类链接) => {\\n    let 处理结果 = 分类链接.replace('/type/', '/show/')\\n    return 处理结果\\n}\\n\\nconst 二级处理C = (分类链接) => {\\n    let 处理结果 = 分类链接.replace('/type/', '/show/')\\n    return 处理结果\\n}\\n\\nconst 一级定位 = 'ul&&li[class~=hidden-xs]:gt(0):lt(5)';\\nconst 二级定位 = 'ul&&li:gt(0)';\\n\\n\\n/**\\n * 以下是片单相关\\n *\\nvar 框架类型 = ' '*/\\nvar 列表 = 'body&&a';\\nvar 标题 = 'body&&a';\\nvar 描述 = 'body&&a';\\nvar 图片 = 'body&&a';\\nvar 链接 = 'body&&a';\"}]","icon":"https://lanmeiguojiang.com/tubiao/q/61.png"}]